{
	"format_version": "1.8.0",
	"animations": {
		"animation.chicken_corpse.dead_1": {
			"loop": "hold_on_last_frame",
			"animation_length": 4,
			"bones": {
				"custom_chicken": {
					"rotation": {
						"0.0": [0, 0, 0],
						"0.5": [-40, 0, 0],
						"1.0": [-90, 0, 0]
					},
					"position": {
						"0.0": [0, 0, 0],
						"0.5": [0, 3.5, -3],
						"1.0": [0, 3, -6]
					}
				},
				"wing1": {
					"rotation": {
						"0.0": [0, 0, 0],
						"0.5": [-15, 0, 0],
						"1.0": [88.44548, -20.06599, -152.13939]
					}
				},
				"wing0": {
					"rotation": {
						"0.0": [0, 0, 0],
						"0.5": [-39.19723, 9.52988, 8.13794],
						"1.0": [50.59962, 31.17989, 147.54407]
					}
				},
				"blood": {
					"position": {
						"0.0": [0, 0, 0],
						"1.0": [-1, -1, 2.95],
						"4.0": [-1, -1, 2.95]
					},
					"scale": {
						"0.0": [0.5, 0.5, 1],
						"1.0": [0.5, 0.5, 1],
						"4.0": [3, 3, 1]
					}
				},
				"head": {
					"rotation": {
						"0.0": [0, 0, 0],
						"0.5": [-20, 0, 0],
						"1.0": [-76.60179, 11.31335, 33.34411]
					}
				},
				"leg1": {
					"rotation": {
						"0.0": [0, 0, 0],
						"0.5": [-55, 0, 0],
						"1.0": [23.74227, 12.67956, -32.89913]
					}
				},
				"leg0": {
					"rotation": {
						"0.0": [0, 0, 0],
						"0.5": [-37.5, 0, 0],
						"1.0": [27.5, 0, 0]
					}
				}
			}
		}
	}
}