{
	"format_version": "1.8.0",
	"animations": {
		"animation.cow_corpse.dead_1": {
			"loop": "hold_on_last_frame",
			"animation_length": 4,
			"bones": {
				"custom_cow": {
					"rotation": {
						"0.0": [0, 0, 0],
						"1.0": [0, 0, -90]
					},
					"position": {
						"0.0": [0, 0, 0],
						"0.5": [6.5, 6.5, 0],
						"1.0": [13, 7, 0]
					}
				},
				"head": {
					"rotation": {
						"0.0": [0, 0, 0],
						"0.5": [-58.88559, 11.73321, 9.70132],
						"1.0": [-87.77117, 23.46643, 19.40264]
					},
					"position": {
						"0.0": [0, 0, 0],
						"1.0": [-2, 0, 0]
					}
				},
				"leg0": {
					"rotation": {
						"0.0": [0, 0, 0],
						"0.5": [37.5, 0, 0],
						"1.0": [55, 0, 0]
					}
				},
				"leg1": {
					"rotation": {
						"0.0": [0, 0, 0],
						"0.5": [-14.94081, -0.54094, -12.48848],
						"1.0": [-13.7506, 2.16489, 59.97637]
					}
				},
				"leg2": {
					"rotation": {
						"0.0": [0, 0, 0],
						"0.5": [-55.57555, -11.0311, -19.7339],
						"1.0": [-73.0003, -0.51405, -17.54892]
					},
					"position": {
						"0.0": [0, 0, 0],
						"0.5": [1.5, 0, -4],
						"1.0": [-1, -4, 0]
					}
				},
				"leg3": {
					"rotation": {
						"0.0": [0, 0, 0],
						"0.5": [25, 0, 0],
						"1.0": [17.48614, -18.15489, 44.68491]
					}
				},
				"body": {
					"rotation": {
						"0.0": [0, 0, 0],
						"1.0": [0, 0, -5]
					},
					"position": {
						"0.0": [0, 0, 0],
						"1.0": [-1, 0, 0]
					}
				},
				"blood": {
					"position": {
						"0.0": [0, 0, 0],
						"1.0": [-0.49, 0, -2],
						"4.0": [-1.95, 0, 0]
					},
					"scale": {
						"0.0": [1, 1, 1],
						"1.0": [1, 1, 1],
						"4.0": [1, 4, 4]
					}
				}
			}
		}
	}
}