{
	"format_version": "1.8.0",
	"animations": {
		"animation.pig_corpse.dead_1": {
			"loop": "hold_on_last_frame",
			"animation_length": 4,
			"bones": {
				"custom_pig": {
					"rotation": {
						"0.0": [0, 0, 0],
						"0.5": [-2.5, 0, 0],
						"1.0": [-9.31242, -1.89828, 67.00426]
					},
					"position": {
						"0.0": [0, 0, 0],
						"0.5": [0, 1, 0],
						"1.0": [-7, 0, -4]
					}
				},
				"leg3": {
					"rotation": {
						"0.0": [0, 0, 0],
						"0.5": [-22.5, 0, 0],
						"1.0": [-79.22113, -3.94152, 38.92449]
					}
				},
				"leg2": {
					"rotation": {
						"0.0": [0, 0, 0],
						"0.5": [47.5, 0, 0],
						"1.0": [33.59794, 35.79744, -41.36219]
					},
					"position": {
						"0.0": [0, 0, 0],
						"1.0": [0, 1, 2]
					}
				},
				"leg1": {
					"rotation": {
						"0.0": [0, 0, 0],
						"1.0": [-47.5, 0, 0]
					},
					"position": {
						"0.0": [0, 0, 0],
						"1.0": [-4, 0, 0]
					}
				},
				"leg0": {
					"rotation": {
						"0.0": [0, 0, 0],
						"0.5": [0, -47.5, 0],
						"1.0": [6.5498, -6.58525, -13.4502]
					},
					"position": {
						"0.0": [0, 0, 0],
						"1.0": [1, 0, 0]
					}
				},
				"head": {
					"rotation": {
						"0.0": [0, 0, 0],
						"0.5": [0, 0, -15],
						"1.0": [0, 0, 67.5]
					},
					"position": {
						"0.0": [0, 0, 0],
						"1.0": [2, 0, -2]
					}
				},
				"body": {
					"rotation": {
						"0.0": [0, 0, 0],
						"0.5": [0, 0, 15]
					}
				},
				"blood": {
					"position": {
						"0.0": [0, 0, 0],
						"4.0": [-0.1, 7, 0]
					},
					"scale": {
						"0.0": [1, 1, 1],
						"1.0": [1, 1, 1],
						"4.0": [1, 4, 4]
					}
				}
			}
		}
	}
}